--
-- PostgreSQL database dump
--

-- Dumped from database version 17.2 (Debian 17.2-1.pgdg120+1)
-- Dumped by pg_dump version 17.2 (Debian 17.2-1.pgdg120+1)

SET statement_timeout = 0;
SET lock_timeout = 0;
SET idle_in_transaction_session_timeout = 0;
SET transaction_timeout = 0;
SET client_encoding = 'UTF8';
SET standard_conforming_strings = on;
SELECT pg_catalog.set_config('search_path', '', false);
SET check_function_bodies = false;
SET xmloption = content;
SET client_min_messages = warning;
SET row_security = off;

SET default_tablespace = '';

SET default_table_access_method = heap;

--
-- Name: account_emailaddress; Type: TABLE; Schema: public; Owner: db_user
--

CREATE TABLE public.account_emailaddress (
    id integer NOT NULL,
    email character varying(254) NOT NULL,
    verified boolean NOT NULL,
    "primary" boolean NOT NULL,
    user_id bigint NOT NULL
);


ALTER TABLE public.account_emailaddress OWNER TO db_user;

--
-- Name: account_emailaddress_id_seq; Type: SEQUENCE; Schema: public; Owner: db_user
--

ALTER TABLE public.account_emailaddress ALTER COLUMN id ADD GENERATED BY DEFAULT AS IDENTITY (
    SEQUENCE NAME public.account_emailaddress_id_seq
    START WITH 1
    INCREMENT BY 1
    NO MINVALUE
    NO MAXVALUE
    CACHE 1
);


--
-- Name: account_emailconfirmation; Type: TABLE; Schema: public; Owner: db_user
--

CREATE TABLE public.account_emailconfirmation (
    id integer NOT NULL,
    created timestamp with time zone NOT NULL,
    sent timestamp with time zone,
    key character varying(64) NOT NULL,
    email_address_id integer NOT NULL
);


ALTER TABLE public.account_emailconfirmation OWNER TO db_user;

--
-- Name: account_emailconfirmation_id_seq; Type: SEQUENCE; Schema: public; Owner: db_user
--

ALTER TABLE public.account_emailconfirmation ALTER COLUMN id ADD GENERATED BY DEFAULT AS IDENTITY (
    SEQUENCE NAME public.account_emailconfirmation_id_seq
    START WITH 1
    INCREMENT BY 1
    NO MINVALUE
    NO MAXVALUE
    CACHE 1
);


--
-- Name: auth_group; Type: TABLE; Schema: public; Owner: db_user
--

CREATE TABLE public.auth_group (
    id integer NOT NULL,
    name character varying(150) NOT NULL
);


ALTER TABLE public.auth_group OWNER TO db_user;

--
-- Name: auth_group_id_seq; Type: SEQUENCE; Schema: public; Owner: db_user
--

ALTER TABLE public.auth_group ALTER COLUMN id ADD GENERATED BY DEFAULT AS IDENTITY (
    SEQUENCE NAME public.auth_group_id_seq
    START WITH 1
    INCREMENT BY 1
    NO MINVALUE
    NO MAXVALUE
    CACHE 1
);


--
-- Name: auth_group_permissions; Type: TABLE; Schema: public; Owner: db_user
--

CREATE TABLE public.auth_group_permissions (
    id bigint NOT NULL,
    group_id integer NOT NULL,
    permission_id integer NOT NULL
);


ALTER TABLE public.auth_group_permissions OWNER TO db_user;

--
-- Name: auth_group_permissions_id_seq; Type: SEQUENCE; Schema: public; Owner: db_user
--

ALTER TABLE public.auth_group_permissions ALTER COLUMN id ADD GENERATED BY DEFAULT AS IDENTITY (
    SEQUENCE NAME public.auth_group_permissions_id_seq
    START WITH 1
    INCREMENT BY 1
    NO MINVALUE
    NO MAXVALUE
    CACHE 1
);


--
-- Name: auth_permission; Type: TABLE; Schema: public; Owner: db_user
--

CREATE TABLE public.auth_permission (
    id integer NOT NULL,
    name character varying(255) NOT NULL,
    content_type_id integer NOT NULL,
    codename character varying(100) NOT NULL
);


ALTER TABLE public.auth_permission OWNER TO db_user;

--
-- Name: auth_permission_id_seq; Type: SEQUENCE; Schema: public; Owner: db_user
--

ALTER TABLE public.auth_permission ALTER COLUMN id ADD GENERATED BY DEFAULT AS IDENTITY (
    SEQUENCE NAME public.auth_permission_id_seq
    START WITH 1
    INCREMENT BY 1
    NO MINVALUE
    NO MAXVALUE
    CACHE 1
);


--
-- Name: authtoken_token; Type: TABLE; Schema: public; Owner: db_user
--

CREATE TABLE public.authtoken_token (
    key character varying(40) NOT NULL,
    created timestamp with time zone NOT NULL,
    user_id bigint NOT NULL
);


ALTER TABLE public.authtoken_token OWNER TO db_user;

--
-- Name: django_admin_log; Type: TABLE; Schema: public; Owner: db_user
--

CREATE TABLE public.django_admin_log (
    id integer NOT NULL,
    action_time timestamp with time zone NOT NULL,
    object_id text,
    object_repr character varying(200) NOT NULL,
    action_flag smallint NOT NULL,
    change_message text NOT NULL,
    content_type_id integer,
    user_id bigint NOT NULL,
    CONSTRAINT django_admin_log_action_flag_check CHECK ((action_flag >= 0))
);


ALTER TABLE public.django_admin_log OWNER TO db_user;

--
-- Name: django_admin_log_id_seq; Type: SEQUENCE; Schema: public; Owner: db_user
--

ALTER TABLE public.django_admin_log ALTER COLUMN id ADD GENERATED BY DEFAULT AS IDENTITY (
    SEQUENCE NAME public.django_admin_log_id_seq
    START WITH 1
    INCREMENT BY 1
    NO MINVALUE
    NO MAXVALUE
    CACHE 1
);


--
-- Name: django_content_type; Type: TABLE; Schema: public; Owner: db_user
--

CREATE TABLE public.django_content_type (
    id integer NOT NULL,
    app_label character varying(100) NOT NULL,
    model character varying(100) NOT NULL
);


ALTER TABLE public.django_content_type OWNER TO db_user;

--
-- Name: django_content_type_id_seq; Type: SEQUENCE; Schema: public; Owner: db_user
--

ALTER TABLE public.django_content_type ALTER COLUMN id ADD GENERATED BY DEFAULT AS IDENTITY (
    SEQUENCE NAME public.django_content_type_id_seq
    START WITH 1
    INCREMENT BY 1
    NO MINVALUE
    NO MAXVALUE
    CACHE 1
);


--
-- Name: django_migrations; Type: TABLE; Schema: public; Owner: db_user
--

CREATE TABLE public.django_migrations (
    id bigint NOT NULL,
    app character varying(255) NOT NULL,
    name character varying(255) NOT NULL,
    applied timestamp with time zone NOT NULL
);


ALTER TABLE public.django_migrations OWNER TO db_user;

--
-- Name: django_migrations_id_seq; Type: SEQUENCE; Schema: public; Owner: db_user
--

ALTER TABLE public.django_migrations ALTER COLUMN id ADD GENERATED BY DEFAULT AS IDENTITY (
    SEQUENCE NAME public.django_migrations_id_seq
    START WITH 1
    INCREMENT BY 1
    NO MINVALUE
    NO MAXVALUE
    CACHE 1
);


--
-- Name: django_session; Type: TABLE; Schema: public; Owner: db_user
--

CREATE TABLE public.django_session (
    session_key character varying(40) NOT NULL,
    session_data text NOT NULL,
    expire_date timestamp with time zone NOT NULL
);


ALTER TABLE public.django_session OWNER TO db_user;

--
-- Name: django_site; Type: TABLE; Schema: public; Owner: db_user
--

CREATE TABLE public.django_site (
    id integer NOT NULL,
    domain character varying(100) NOT NULL,
    name character varying(50) NOT NULL
);


ALTER TABLE public.django_site OWNER TO db_user;

--
-- Name: django_site_id_seq; Type: SEQUENCE; Schema: public; Owner: db_user
--

ALTER TABLE public.django_site ALTER COLUMN id ADD GENERATED BY DEFAULT AS IDENTITY (
    SEQUENCE NAME public.django_site_id_seq
    START WITH 1
    INCREMENT BY 1
    NO MINVALUE
    NO MAXVALUE
    CACHE 1
);


--
-- Name: events_event; Type: TABLE; Schema: public; Owner: db_user
--

CREATE TABLE public.events_event (
    id bigint NOT NULL,
    title character varying(200) NOT NULL,
    description text NOT NULL,
    date timestamp with time zone NOT NULL
);


ALTER TABLE public.events_event OWNER TO db_user;

--
-- Name: events_event_id_seq; Type: SEQUENCE; Schema: public; Owner: db_user
--

ALTER TABLE public.events_event ALTER COLUMN id ADD GENERATED BY DEFAULT AS IDENTITY (
    SEQUENCE NAME public.events_event_id_seq
    START WITH 1
    INCREMENT BY 1
    NO MINVALUE
    NO MAXVALUE
    CACHE 1
);


--
-- Name: socialaccount_socialaccount; Type: TABLE; Schema: public; Owner: db_user
--

CREATE TABLE public.socialaccount_socialaccount (
    id integer NOT NULL,
    provider character varying(200) NOT NULL,
    uid character varying(191) NOT NULL,
    last_login timestamp with time zone NOT NULL,
    date_joined timestamp with time zone NOT NULL,
    extra_data jsonb NOT NULL,
    user_id bigint NOT NULL
);


ALTER TABLE public.socialaccount_socialaccount OWNER TO db_user;

--
-- Name: socialaccount_socialaccount_id_seq; Type: SEQUENCE; Schema: public; Owner: db_user
--

ALTER TABLE public.socialaccount_socialaccount ALTER COLUMN id ADD GENERATED BY DEFAULT AS IDENTITY (
    SEQUENCE NAME public.socialaccount_socialaccount_id_seq
    START WITH 1
    INCREMENT BY 1
    NO MINVALUE
    NO MAXVALUE
    CACHE 1
);


--
-- Name: socialaccount_socialapp; Type: TABLE; Schema: public; Owner: db_user
--

CREATE TABLE public.socialaccount_socialapp (
    id integer NOT NULL,
    provider character varying(30) NOT NULL,
    name character varying(40) NOT NULL,
    client_id character varying(191) NOT NULL,
    secret character varying(191) NOT NULL,
    key character varying(191) NOT NULL,
    provider_id character varying(200) NOT NULL,
    settings jsonb NOT NULL
);


ALTER TABLE public.socialaccount_socialapp OWNER TO db_user;

--
-- Name: socialaccount_socialapp_id_seq; Type: SEQUENCE; Schema: public; Owner: db_user
--

ALTER TABLE public.socialaccount_socialapp ALTER COLUMN id ADD GENERATED BY DEFAULT AS IDENTITY (
    SEQUENCE NAME public.socialaccount_socialapp_id_seq
    START WITH 1
    INCREMENT BY 1
    NO MINVALUE
    NO MAXVALUE
    CACHE 1
);


--
-- Name: socialaccount_socialapp_sites; Type: TABLE; Schema: public; Owner: db_user
--

CREATE TABLE public.socialaccount_socialapp_sites (
    id bigint NOT NULL,
    socialapp_id integer NOT NULL,
    site_id integer NOT NULL
);


ALTER TABLE public.socialaccount_socialapp_sites OWNER TO db_user;

--
-- Name: socialaccount_socialapp_sites_id_seq; Type: SEQUENCE; Schema: public; Owner: db_user
--

ALTER TABLE public.socialaccount_socialapp_sites ALTER COLUMN id ADD GENERATED BY DEFAULT AS IDENTITY (
    SEQUENCE NAME public.socialaccount_socialapp_sites_id_seq
    START WITH 1
    INCREMENT BY 1
    NO MINVALUE
    NO MAXVALUE
    CACHE 1
);


--
-- Name: socialaccount_socialtoken; Type: TABLE; Schema: public; Owner: db_user
--

CREATE TABLE public.socialaccount_socialtoken (
    id integer NOT NULL,
    token text NOT NULL,
    token_secret text NOT NULL,
    expires_at timestamp with time zone,
    account_id integer NOT NULL,
    app_id integer
);


ALTER TABLE public.socialaccount_socialtoken OWNER TO db_user;

--
-- Name: socialaccount_socialtoken_id_seq; Type: SEQUENCE; Schema: public; Owner: db_user
--

ALTER TABLE public.socialaccount_socialtoken ALTER COLUMN id ADD GENERATED BY DEFAULT AS IDENTITY (
    SEQUENCE NAME public.socialaccount_socialtoken_id_seq
    START WITH 1
    INCREMENT BY 1
    NO MINVALUE
    NO MAXVALUE
    CACHE 1
);


--
-- Name: users_customuser; Type: TABLE; Schema: public; Owner: db_user
--

CREATE TABLE public.users_customuser (
    id bigint NOT NULL,
    password character varying(128) NOT NULL,
    last_login timestamp with time zone,
    is_superuser boolean NOT NULL,
    email character varying(254) NOT NULL,
    first_name character varying(30) NOT NULL,
    last_name character varying(30) NOT NULL,
    is_active boolean NOT NULL,
    is_staff boolean NOT NULL,
    username character varying(150),
    user_type character varying(20) NOT NULL
);


ALTER TABLE public.users_customuser OWNER TO db_user;

--
-- Name: users_customuser_groups; Type: TABLE; Schema: public; Owner: db_user
--

CREATE TABLE public.users_customuser_groups (
    id bigint NOT NULL,
    customuser_id bigint NOT NULL,
    group_id integer NOT NULL
);


ALTER TABLE public.users_customuser_groups OWNER TO db_user;

--
-- Name: users_customuser_groups_id_seq; Type: SEQUENCE; Schema: public; Owner: db_user
--

ALTER TABLE public.users_customuser_groups ALTER COLUMN id ADD GENERATED BY DEFAULT AS IDENTITY (
    SEQUENCE NAME public.users_customuser_groups_id_seq
    START WITH 1
    INCREMENT BY 1
    NO MINVALUE
    NO MAXVALUE
    CACHE 1
);


--
-- Name: users_customuser_id_seq; Type: SEQUENCE; Schema: public; Owner: db_user
--

ALTER TABLE public.users_customuser ALTER COLUMN id ADD GENERATED BY DEFAULT AS IDENTITY (
    SEQUENCE NAME public.users_customuser_id_seq
    START WITH 1
    INCREMENT BY 1
    NO MINVALUE
    NO MAXVALUE
    CACHE 1
);


--
-- Name: users_customuser_user_permissions; Type: TABLE; Schema: public; Owner: db_user
--

CREATE TABLE public.users_customuser_user_permissions (
    id bigint NOT NULL,
    customuser_id bigint NOT NULL,
    permission_id integer NOT NULL
);


ALTER TABLE public.users_customuser_user_permissions OWNER TO db_user;

--
-- Name: users_customuser_user_permissions_id_seq; Type: SEQUENCE; Schema: public; Owner: db_user
--

ALTER TABLE public.users_customuser_user_permissions ALTER COLUMN id ADD GENERATED BY DEFAULT AS IDENTITY (
    SEQUENCE NAME public.users_customuser_user_permissions_id_seq
    START WITH 1
    INCREMENT BY 1
    NO MINVALUE
    NO MAXVALUE
    CACHE 1
);


--
-- Data for Name: account_emailaddress; Type: TABLE DATA; Schema: public; Owner: db_user
--

COPY public.account_emailaddress (id, email, verified, "primary", user_id) FROM stdin;
1	tereshchenko.oleksii@lll.kpi.ua	t	t	7
\.


--
-- Data for Name: account_emailconfirmation; Type: TABLE DATA; Schema: public; Owner: db_user
--

COPY public.account_emailconfirmation (id, created, sent, key, email_address_id) FROM stdin;
\.


--
-- Data for Name: auth_group; Type: TABLE DATA; Schema: public; Owner: db_user
--

COPY public.auth_group (id, name) FROM stdin;
\.


--
-- Data for Name: auth_group_permissions; Type: TABLE DATA; Schema: public; Owner: db_user
--

COPY public.auth_group_permissions (id, group_id, permission_id) FROM stdin;
\.


--
-- Data for Name: auth_permission; Type: TABLE DATA; Schema: public; Owner: db_user
--

COPY public.auth_permission (id, name, content_type_id, codename) FROM stdin;
1	Can add custom user	1	add_customuser
2	Can change custom user	1	change_customuser
3	Can delete custom user	1	delete_customuser
4	Can view custom user	1	view_customuser
5	Can add event	2	add_event
6	Can change event	2	change_event
7	Can delete event	2	delete_event
8	Can view event	2	view_event
9	Can add log entry	3	add_logentry
10	Can change log entry	3	change_logentry
11	Can delete log entry	3	delete_logentry
12	Can view log entry	3	view_logentry
13	Can add permission	4	add_permission
14	Can change permission	4	change_permission
15	Can delete permission	4	delete_permission
16	Can view permission	4	view_permission
17	Can add group	5	add_group
18	Can change group	5	change_group
19	Can delete group	5	delete_group
20	Can view group	5	view_group
21	Can add content type	6	add_contenttype
22	Can change content type	6	change_contenttype
23	Can delete content type	6	delete_contenttype
24	Can view content type	6	view_contenttype
25	Can add session	7	add_session
26	Can change session	7	change_session
27	Can delete session	7	delete_session
28	Can view session	7	view_session
29	Can add Token	8	add_token
30	Can change Token	8	change_token
31	Can delete Token	8	delete_token
32	Can view Token	8	view_token
33	Can add Token	9	add_tokenproxy
34	Can change Token	9	change_tokenproxy
35	Can delete Token	9	delete_tokenproxy
36	Can view Token	9	view_tokenproxy
37	Can add site	10	add_site
38	Can change site	10	change_site
39	Can delete site	10	delete_site
40	Can view site	10	view_site
41	Can add email address	11	add_emailaddress
42	Can change email address	11	change_emailaddress
43	Can delete email address	11	delete_emailaddress
44	Can view email address	11	view_emailaddress
45	Can add email confirmation	12	add_emailconfirmation
46	Can change email confirmation	12	change_emailconfirmation
47	Can delete email confirmation	12	delete_emailconfirmation
48	Can view email confirmation	12	view_emailconfirmation
49	Can add social account	13	add_socialaccount
50	Can change social account	13	change_socialaccount
51	Can delete social account	13	delete_socialaccount
52	Can view social account	13	view_socialaccount
53	Can add social application	14	add_socialapp
54	Can change social application	14	change_socialapp
55	Can delete social application	14	delete_socialapp
56	Can view social application	14	view_socialapp
57	Can add social application token	15	add_socialtoken
58	Can change social application token	15	change_socialtoken
59	Can delete social application token	15	delete_socialtoken
60	Can view social application token	15	view_socialtoken
\.


--
-- Data for Name: authtoken_token; Type: TABLE DATA; Schema: public; Owner: db_user
--

COPY public.authtoken_token (key, created, user_id) FROM stdin;
445b0e6bc5ebf2f9119e01fbfdb62593f58d4a91	2025-02-14 12:13:10.802039+00	7
\.


--
-- Data for Name: django_admin_log; Type: TABLE DATA; Schema: public; Owner: db_user
--

COPY public.django_admin_log (id, action_time, object_id, object_repr, action_flag, change_message, content_type_id, user_id) FROM stdin;
1	2025-02-05 12:52:09.035266+00	1	ruinit' i fidit'	1	[{"added": {}}]	2	5
2	2025-02-05 12:53:39.73101+00	2	nu ili v rarvel mivals	1	[{"added": {}}]	2	5
3	2025-02-07 21:31:59.869406+00	1	123	1	[{"added": {}}]	5	5
4	2025-02-07 21:32:26.347208+00	1	123	3		5	5
5	2025-02-14 11:58:31.975352+00	1	GoogleOAuth2	1	[{"added": {}}]	14	5
\.


--
-- Data for Name: django_content_type; Type: TABLE DATA; Schema: public; Owner: db_user
--

COPY public.django_content_type (id, app_label, model) FROM stdin;
1	users	customuser
2	events	event
3	admin	logentry
4	auth	permission
5	auth	group
6	contenttypes	contenttype
7	sessions	session
8	authtoken	token
9	authtoken	tokenproxy
10	sites	site
11	account	emailaddress
12	account	emailconfirmation
13	socialaccount	socialaccount
14	socialaccount	socialapp
15	socialaccount	socialtoken
\.


--
-- Data for Name: django_migrations; Type: TABLE DATA; Schema: public; Owner: db_user
--

COPY public.django_migrations (id, app, name, applied) FROM stdin;
1	contenttypes	0001_initial	2025-02-03 19:37:20.931042+00
2	contenttypes	0002_remove_content_type_name	2025-02-03 19:37:20.936793+00
3	auth	0001_initial	2025-02-03 19:37:20.9538+00
4	auth	0002_alter_permission_name_max_length	2025-02-03 19:37:20.957338+00
5	auth	0003_alter_user_email_max_length	2025-02-03 19:37:20.960686+00
6	auth	0004_alter_user_username_opts	2025-02-03 19:37:20.964471+00
7	auth	0005_alter_user_last_login_null	2025-02-03 19:37:20.96814+00
8	auth	0006_require_contenttypes_0002	2025-02-03 19:37:20.9702+00
9	auth	0007_alter_validators_add_error_messages	2025-02-03 19:37:20.973774+00
10	auth	0008_alter_user_username_max_length	2025-02-03 19:37:20.977701+00
11	auth	0009_alter_user_last_name_max_length	2025-02-03 19:37:20.981293+00
12	auth	0010_alter_group_name_max_length	2025-02-03 19:37:20.986056+00
13	auth	0011_update_proxy_permissions	2025-02-03 19:37:20.989411+00
14	auth	0012_alter_user_first_name_max_length	2025-02-03 19:37:20.995347+00
15	users	0001_initial	2025-02-03 19:37:21.011836+00
16	admin	0001_initial	2025-02-03 19:37:21.021751+00
17	admin	0002_logentry_remove_auto_add	2025-02-03 19:37:21.025742+00
18	admin	0003_logentry_add_action_flag_choices	2025-02-03 19:37:21.031246+00
19	events	0001_initial	2025-02-03 19:37:21.035688+00
20	sessions	0001_initial	2025-02-03 19:37:21.041149+00
21	users	0002_customuser_username	2025-02-03 21:48:51.442648+00
22	users	0003_customuser_user_type	2025-02-07 18:10:10.801998+00
23	account	0001_initial	2025-02-14 11:41:13.914058+00
24	account	0002_email_max_length	2025-02-14 11:41:13.935058+00
25	account	0003_alter_emailaddress_create_unique_verified_email	2025-02-14 11:41:13.955058+00
26	account	0004_alter_emailaddress_drop_unique_email	2025-02-14 11:41:14.028266+00
27	account	0005_emailaddress_idx_upper_email	2025-02-14 11:41:14.052478+00
28	account	0006_emailaddress_lower	2025-02-14 11:41:14.089118+00
29	account	0007_emailaddress_idx_email	2025-02-14 11:41:14.111119+00
30	account	0008_emailaddress_unique_primary_email_fixup	2025-02-14 11:41:14.132119+00
31	account	0009_emailaddress_unique_primary_email	2025-02-14 11:41:14.146115+00
32	authtoken	0001_initial	2025-02-14 11:41:14.172117+00
33	authtoken	0002_auto_20160226_1747	2025-02-14 11:41:14.187118+00
34	authtoken	0003_tokenproxy	2025-02-14 11:41:14.194708+00
35	authtoken	0004_alter_tokenproxy_options	2025-02-14 11:41:14.205709+00
36	sites	0001_initial	2025-02-14 11:41:14.223707+00
37	sites	0002_alter_domain_unique	2025-02-14 11:41:14.239705+00
38	socialaccount	0001_initial	2025-02-14 11:41:14.321927+00
39	socialaccount	0002_token_max_lengths	2025-02-14 11:41:14.342927+00
40	socialaccount	0003_extra_data_default_dict	2025-02-14 11:41:14.350926+00
41	socialaccount	0004_app_provider_id_settings	2025-02-14 11:41:14.381927+00
42	socialaccount	0005_socialtoken_nullable_app	2025-02-14 11:41:14.411706+00
43	socialaccount	0006_alter_socialaccount_extra_data	2025-02-14 11:41:14.431705+00
\.


--
-- Data for Name: django_session; Type: TABLE DATA; Schema: public; Owner: db_user
--

COPY public.django_session (session_key, session_data, expire_date) FROM stdin;
z0a85mged8u04g047j5p0zoarjjt9lv1	.eJxVjEEOwiAQRe_C2hA6lAFcuvcMDTCDVA0kpV0Z765NutDtf-_9l5jCtpZp67xMM4mzMOL0u8WQHlx3QPdQb02mVtdljnJX5EG7vDbi5-Vw_w5K6OVbowWl0CdmrY1KYwbrB0THDpAdEToAi8Z4yDEBRGJLSg-ZrFGjHbx4fwC54TbN:1tfesS:RliGi1Nl2mcZNYQS73w8WHVf-P7lC3sfBmbGrZsf_Zo	2025-02-19 12:51:36.53938+00
d8fyqybqz4527vlkz8uqt12wmo7d139y	.eJxVjEEOwiAQRe_C2hA6lAFcuvcMDTCDVA0kpV0Z765NutDtf-_9l5jCtpZp67xMM4mzMOL0u8WQHlx3QPdQb02mVtdljnJX5EG7vDbi5-Vw_w5K6OVbowWl0CdmrY1KYwbrB0THDpAdEToAi8Z4yDEBRGJLSg-ZrFGjHbx4fwC54TbN:1tiuHk:Pu21GGix5u8nz1dJggoGU3E1b1N73Eg63OK6lfC2Ar4	2025-02-28 11:55:08.675075+00
hi3ipne0ons58ut337f2de7z2x9u0xre	.eJxVjMsOwiAQRf-FtSFYysule7-BDMxgUYSkLW6M_65Nuun2nnPuh0GMrdfVv2nOKRN6ekEu7FJ7KSfmoa-T7wvNPiO7MMMOW4D4pLoBfEC9Nx5bXecc-KbwnS781pDKdXcPBxMs078OCaywhHJEnUCJJN0wKGfOLgiNWsmAToDTQhgaRSRjrFEq6WSNDBIc-_4ANKBCyA:1tiuZC:BUBKF7KdyKdqrs-AzUbG6vsqsobRXSmIrjlyP-g0U-8	2025-02-28 12:13:10.813047+00
9zed33447mnhi9j9bohyo63mc07qmvqx	.eJxVjUtuhDAQRO_Sa4Rs_G2W2ecEUYTaH8AJY0dgshnN3QMTNrNrVb1XfQfyvuy5DrTXOeaaPNVU8nCLdS5hg_7jDv839LAVn2i5DGiAKvTcCFRCiQ5bIbk2vIGftfymENfDmEqZlnigezoHOOMWUSBTEqVihyk7BY_PBp7_h32L6_AkDbxkjvx3zGcRvihPpfUl1zW59kTaq93a9xLi8naxLwMzbfNhu5EsszEIGfRIio0Cu06h4eiYDloJF5ARasZMlMxHY6xRatSjNcIJQnj8AS7GYS0:1tiubR:aQhnFv5Do8Wphm2pKhSvkmbLnaeRFqhpjQ0eImvDWRc	2025-02-28 12:15:29.370936+00
wnebf6ooq336lgzqc3lls5696l9x0phf	.eJxVjstuhDAMRf_Fa4QS8jTL7vsFVYWcB5CWSSoI3Yzm3wtTNiNvLN9zrnwH8r7suQ601znmmjzVVPJwi3UuYYP-4w7_O_SwFZ9ouQxogCr03AhU4piuFZoz5LKBn7X8phDXQ5lKmZZ4sHs6GzjjFlEgUxKlYocqOwWPzwaeDwz7FtfhSRp4uTny3zGfQfiiPJXWl1zX5NoTaa90a99LiMvbxb4UzLTNh-1GsszGIGTQIyk2Cuw6hYajYzpoJVxARqgZM1EyH42xRqlRj9YIJwjh8Qdy0WFb:1tiubo:keje0Ap2TrsZ2z1IcgIEBW2UZfRwucpT5pPQASHRQ_s	2025-02-28 12:15:52.388862+00
eaw1cbhu4g1pm31z0fa6350uk2h7s7na	.eJwtzMsKgzAQheF3mbWUXG0nr1KKDDFowGaKTroR370pujuL_zs7UIxciwxUZU5FciTJXIZ3kpnHDcJzh3NDgI1jpuUS0AEJBH236G1vrLspg2h638Fn5W8e09rIxDwtqbU1_x-00g9Ei8o7dF416oyH43X8ALRMKs8:1tiuq2:seyc4tGve9x_ZDT5-OsUG7-X7h4lV424X7YllS0o-ow	2025-02-28 12:30:34.039134+00
4gf542qcchv1sr005b8ocrnnbponnz4k	.eJwtzEEOgyAQheG7zNo0IIw6XKVpDEGiJJZpdOjGePfS6O4t_u8d4EPgkmX0RZaYJQUvifP4jrLwtIN7HnBtcLBzSH69BTTgBZzuDaHpWtKPDo3tcWjgs_E3TXGrZGae11jbkv4PWumByJBCSxZVpbZFOF_nD7YvKtc:1tiuqx:DR5dlVPffB5LbhlEzOcGqLCP5-PgpQ-e_g02q7FqE0Y	2025-02-28 12:31:31.660466+00
5jxo3b119g00b4vqc4suo3hhummqwnnb	.eJwtzEEOgyAQheG7zNo0IIw6XKUxhiBREss0OnRjvHtp6u4t_u-d4EPgkmXyRdaYJQUvifP0irLyfIB7nvDf4ODgkPx2C2jACzjdG0LTmd4-iFRH2Dbw3vmT5rhXsjAvW6xtSb8HrfRAZEihJYuqUtsiXOP1Bbc7Kts:1tiusI:Ad3CAcnSD8ZWJ_mqW3DoJ3SrDc7l13eQr2y9vgjxv5c	2025-02-28 12:32:54.997688+00
8fdwn5vy79yrge5c92uo0n3pbwnrd06m	.eJwtzMsKgzAQheF3mbWUxNxMXqWIDDFowGaKTroR370pdXcW_3dOwBipFp6w8poK54icqUyvxCvNB4TnCf8NAQ6KGbdbQAfIEKRT3ijnrHhYq1wvZAfvnT55TnsjC9GypdbW_HuQQg7eKy-M9tqIRnVv4BqvL7P2Ksw:1tivEe:yphULsZs_8Grg6KnU-Is4a4Un09jIKz4GyDixC-ovSA	2025-02-28 12:56:00.671714+00
ta0n4uwz6kv6nh342cd9xs0sjzgptw9o	.eJwtzMsKwyAQheF3mXUojhfM-CqlBDGSCKlTkrGbkHevpd2dxf-dE2JK3KpMscmaq5QUpXCdnllWng8I9xN-GwIcnErc_gIGiAIBvSFn_Ij65rVyhAO8dn6XOe9dLMzLlnvayvcAFY5EhpSzZJ3q0moH1-P6AI0jKpk:1tivFU:9jDSbOoAYK9cRYUmwB8W6c9_x9MSYwQiuChXIYKld00	2025-02-28 12:56:52.729595+00
1txdvi5ev5741mrcc4w5ef4ckhvolktd	.eJwtzEEOgyAQheG7zNo0UJgiXKUxZoJESSzT6NCN8e7FtLt_8b53AMXItchIVZZUJEeSzGV8JVl42iE8D_g1BNg5Zlr_AjoggaCd8Whc_8CbaoUOO3hv_MlT2hqZmec1tW3N14NWuvfeeIXWW7yAvSOcw_kFtz4q2w:1tivGL:QH34BlseXf5obRxfLIGFmgekmrJFnytTDWMS2XvDVog	2025-02-28 12:57:45.050932+00
t058tp60renytrbj07680p7wkesqs5r7	.eJwtjEEKgzAQAP-yZylJNsFsvlKKhBg0YLNFN72If69ib3OYmR1iStyqDLHJnKuUFKVwHd5ZZh43CM8dboYAG6cSl38BHUSBoHukngx6fBjtLTnfwWflbxnzeiYT87Tk023lOmilPRGScpasU0jOGgfH6_gBt3Aq3A:1tjzTT:SxTIFdIkgBTmbZydWWbS3Mi6kuKga31WL_sxbWcOIRQ	2025-03-03 11:39:43.243921+00
p549s6gjab3mhbklitgk6iwanfuh677j	.eJwtjEEOgjAQAP-yZ2JatmvdfsUY0pQGmmDXwNYL4e9i9DaHmdkhpiSt6hCbzrlqSVGL1OGZdZZxg3Df4ccQYJNU4vIvoIOoEKxH9tyTxYu3V0b0HbxWeZcxr2cyiUxLPt1Wvgdr7I0Z2ZBjRwaZXE9wPI4Pthgq1g:1tjzVZ:A4qVkTx5v5YcAINafMvgrMz69efZFFmsRIQiiiuGRqw	2025-03-03 11:41:53.723102+00
\.


--
-- Data for Name: django_site; Type: TABLE DATA; Schema: public; Owner: db_user
--

COPY public.django_site (id, domain, name) FROM stdin;
1	example.com	example.com
\.


--
-- Data for Name: events_event; Type: TABLE DATA; Schema: public; Owner: db_user
--

COPY public.events_event (id, title, description, date) FROM stdin;
1	ruinit' i fidit'	v dotke	2025-02-05 12:52:06+00
2	nu ili v rarvel mivals	надеюсь робит	2025-01-07 22:55:47+00
\.


--
-- Data for Name: socialaccount_socialaccount; Type: TABLE DATA; Schema: public; Owner: db_user
--

COPY public.socialaccount_socialaccount (id, provider, uid, last_login, date_joined, extra_data, user_id) FROM stdin;
1	google	101899390549450395425	2025-02-17 11:41:53.710394+00	2025-02-14 12:13:10.733977+00	{"hd": "lll.kpi.ua", "aud": "817510836740-kgfhlmoi87nt26r5i7rutjd64pisi1ei.apps.googleusercontent.com", "azp": "817510836740-kgfhlmoi87nt26r5i7rutjd64pisi1ei.apps.googleusercontent.com", "exp": 1739796117, "iat": 1739792517, "iss": "https://accounts.google.com", "jti": "a066d183ce30ead68a923dde42c40b05270ce3ab", "nbf": 1739792217, "sub": "101899390549450395425", "name": "Tereshchenko Oleksii", "email": "tereshchenko.oleksii@lll.kpi.ua", "picture": "https://lh3.googleusercontent.com/a/ACg8ocL9P-aaDodE928YU0cra4uAH6VTwjiMaX3bDw3HEKvAs1BY6w=s96-c", "given_name": "Tereshchenko", "family_name": "Oleksii", "email_verified": true}	7
\.


--
-- Data for Name: socialaccount_socialapp; Type: TABLE DATA; Schema: public; Owner: db_user
--

COPY public.socialaccount_socialapp (id, provider, name, client_id, secret, key, provider_id, settings) FROM stdin;
1	google	GoogleOAuth2	817510836740-kgfhlmoi87nt26r5i7rutjd64pisi1ei.apps.googleusercontent.com	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		google	{}
\.


--
-- Data for Name: socialaccount_socialapp_sites; Type: TABLE DATA; Schema: public; Owner: db_user
--

COPY public.socialaccount_socialapp_sites (id, socialapp_id, site_id) FROM stdin;
1	1	1
\.


--
-- Data for Name: socialaccount_socialtoken; Type: TABLE DATA; Schema: public; Owner: db_user
--

COPY public.socialaccount_socialtoken (id, token, token_secret, expires_at, account_id, app_id) FROM stdin;
\.


--
-- Data for Name: users_customuser; Type: TABLE DATA; Schema: public; Owner: db_user
--

COPY public.users_customuser (id, password, last_login, is_superuser, email, first_name, last_name, is_active, is_staff, username, user_type) FROM stdin;
1	pbkdf2_sha256$870000$NvCe2UazhTRl6TccaXuXKV$i/eFTzEDjFwVDGg06E6G/IYRViFtIAkOhJJydGOcAC0=	\N	f	test@example.com			t	f	test	client
2	pbkdf2_sha256$870000$4KoaYPWRHYrKDFAu2JaC94$mzNmefpKLvAPGxRbX6cPrhBls2byLmKj49kl1fTR+nA=	\N	f	te2s1t@example.com			t	f	te2s1t	client
4	pbkdf2_sha256$870000$bmd5TyOltDWlWn5Ank7h5x$ociCEZjpxUBBOV4BBc/ZNEs/Pfh6nB3bNTtYf+ISP+s=	2025-02-04 20:01:15.851641+00	f	aboba@gmail.com			t	f	aboba	client
3	pbkdf2_sha256$870000$DaossHgWwArhAcoc8bkVnG$xnA698k1JlwacgNTzbSFXtrHl6ub9VtZJk8yx0T+/Sg=	2025-02-07 10:03:28.370155+00	f	asdas@gmail.com			t	f	asdas	client
7	!55LMITw2B2jfU7aFN3Eylmm2uT5EQmyMpUvvdXoX	2025-02-17 11:41:53.730091+00	f	tereshchenko.oleksii@lll.kpi.ua	Tereshchenko	Oleksii	t	f	tereshchenko	client
6	pbkdf2_sha256$870000$mrBcwTnsxaDkY4T7WOXswc$MLkA5aoX2NDfqvLQVOcUYmG2Kdafao5o99faLsIy5qc=	2025-02-14 11:46:06.867541+00	f	ivabobula136@gmail.com			t	f	ivabobula136	organizer
5	pbkdf2_sha256$870000$wmUj9O1iqxNcwn2DaCyt1B$PXbcIhDandydZC8B1217QGBBfl28wKSed1LSQpRw+8Q=	2025-02-14 11:55:08.669614+00	t	admin@gmail.com			t	t	admin	client
\.


--
-- Data for Name: users_customuser_groups; Type: TABLE DATA; Schema: public; Owner: db_user
--

COPY public.users_customuser_groups (id, customuser_id, group_id) FROM stdin;
\.


--
-- Data for Name: users_customuser_user_permissions; Type: TABLE DATA; Schema: public; Owner: db_user
--

COPY public.users_customuser_user_permissions (id, customuser_id, permission_id) FROM stdin;
\.


--
-- Name: account_emailaddress_id_seq; Type: SEQUENCE SET; Schema: public; Owner: db_user
--

SELECT pg_catalog.setval('public.account_emailaddress_id_seq', 1, true);


--
-- Name: account_emailconfirmation_id_seq; Type: SEQUENCE SET; Schema: public; Owner: db_user
--

SELECT pg_catalog.setval('public.account_emailconfirmation_id_seq', 1, false);


--
-- Name: auth_group_id_seq; Type: SEQUENCE SET; Schema: public; Owner: db_user
--

SELECT pg_catalog.setval('public.auth_group_id_seq', 1, true);


--
-- Name: auth_group_permissions_id_seq; Type: SEQUENCE SET; Schema: public; Owner: db_user
--

SELECT pg_catalog.setval('public.auth_group_permissions_id_seq', 1, false);


--
-- Name: auth_permission_id_seq; Type: SEQUENCE SET; Schema: public; Owner: db_user
--

SELECT pg_catalog.setval('public.auth_permission_id_seq', 60, true);


--
-- Name: django_admin_log_id_seq; Type: SEQUENCE SET; Schema: public; Owner: db_user
--

SELECT pg_catalog.setval('public.django_admin_log_id_seq', 5, true);


--
-- Name: django_content_type_id_seq; Type: SEQUENCE SET; Schema: public; Owner: db_user
--

SELECT pg_catalog.setval('public.django_content_type_id_seq', 15, true);


--
-- Name: django_migrations_id_seq; Type: SEQUENCE SET; Schema: public; Owner: db_user
--

SELECT pg_catalog.setval('public.django_migrations_id_seq', 43, true);


--
-- Name: django_site_id_seq; Type: SEQUENCE SET; Schema: public; Owner: db_user
--

SELECT pg_catalog.setval('public.django_site_id_seq', 1, true);


--
-- Name: events_event_id_seq; Type: SEQUENCE SET; Schema: public; Owner: db_user
--

SELECT pg_catalog.setval('public.events_event_id_seq', 2, true);


--
-- Name: socialaccount_socialaccount_id_seq; Type: SEQUENCE SET; Schema: public; Owner: db_user
--

SELECT pg_catalog.setval('public.socialaccount_socialaccount_id_seq', 1, true);


--
-- Name: socialaccount_socialapp_id_seq; Type: SEQUENCE SET; Schema: public; Owner: db_user
--

SELECT pg_catalog.setval('public.socialaccount_socialapp_id_seq', 1, true);


--
-- Name: socialaccount_socialapp_sites_id_seq; Type: SEQUENCE SET; Schema: public; Owner: db_user
--

SELECT pg_catalog.setval('public.socialaccount_socialapp_sites_id_seq', 1, true);


--
-- Name: socialaccount_socialtoken_id_seq; Type: SEQUENCE SET; Schema: public; Owner: db_user
--

SELECT pg_catalog.setval('public.socialaccount_socialtoken_id_seq', 1, false);


--
-- Name: users_customuser_groups_id_seq; Type: SEQUENCE SET; Schema: public; Owner: db_user
--

SELECT pg_catalog.setval('public.users_customuser_groups_id_seq', 1, false);


--
-- Name: users_customuser_id_seq; Type: SEQUENCE SET; Schema: public; Owner: db_user
--

SELECT pg_catalog.setval('public.users_customuser_id_seq', 7, true);


--
-- Name: users_customuser_user_permissions_id_seq; Type: SEQUENCE SET; Schema: public; Owner: db_user
--

SELECT pg_catalog.setval('public.users_customuser_user_permissions_id_seq', 1, false);


--
-- Name: account_emailaddress account_emailaddress_pkey; Type: CONSTRAINT; Schema: public; Owner: db_user
--

ALTER TABLE ONLY public.account_emailaddress
    ADD CONSTRAINT account_emailaddress_pkey PRIMARY KEY (id);


--
-- Name: account_emailaddress account_emailaddress_user_id_email_987c8728_uniq; Type: CONSTRAINT; Schema: public; Owner: db_user
--

ALTER TABLE ONLY public.account_emailaddress
    ADD CONSTRAINT account_emailaddress_user_id_email_987c8728_uniq UNIQUE (user_id, email);


--
-- Name: account_emailconfirmation account_emailconfirmation_key_key; Type: CONSTRAINT; Schema: public; Owner: db_user
--

ALTER TABLE ONLY public.account_emailconfirmation
    ADD CONSTRAINT account_emailconfirmation_key_key UNIQUE (key);


--
-- Name: account_emailconfirmation account_emailconfirmation_pkey; Type: CONSTRAINT; Schema: public; Owner: db_user
--

ALTER TABLE ONLY public.account_emailconfirmation
    ADD CONSTRAINT account_emailconfirmation_pkey PRIMARY KEY (id);


--
-- Name: auth_group auth_group_name_key; Type: CONSTRAINT; Schema: public; Owner: db_user
--

ALTER TABLE ONLY public.auth_group
    ADD CONSTRAINT auth_group_name_key UNIQUE (name);


--
-- Name: auth_group_permissions auth_group_permissions_group_id_permission_id_0cd325b0_uniq; Type: CONSTRAINT; Schema: public; Owner: db_user
--

ALTER TABLE ONLY public.auth_group_permissions
    ADD CONSTRAINT auth_group_permissions_group_id_permission_id_0cd325b0_uniq UNIQUE (group_id, permission_id);


--
-- Name: auth_group_permissions auth_group_permissions_pkey; Type: CONSTRAINT; Schema: public; Owner: db_user
--

ALTER TABLE ONLY public.auth_group_permissions
    ADD CONSTRAINT auth_group_permissions_pkey PRIMARY KEY (id);


--
-- Name: auth_group auth_group_pkey; Type: CONSTRAINT; Schema: public; Owner: db_user
--

ALTER TABLE ONLY public.auth_group
    ADD CONSTRAINT auth_group_pkey PRIMARY KEY (id);


--
-- Name: auth_permission auth_permission_content_type_id_codename_01ab375a_uniq; Type: CONSTRAINT; Schema: public; Owner: db_user
--

ALTER TABLE ONLY public.auth_permission
    ADD CONSTRAINT auth_permission_content_type_id_codename_01ab375a_uniq UNIQUE (content_type_id, codename);


--
-- Name: auth_permission auth_permission_pkey; Type: CONSTRAINT; Schema: public; Owner: db_user
--

ALTER TABLE ONLY public.auth_permission
    ADD CONSTRAINT auth_permission_pkey PRIMARY KEY (id);


--
-- Name: authtoken_token authtoken_token_pkey; Type: CONSTRAINT; Schema: public; Owner: db_user
--

ALTER TABLE ONLY public.authtoken_token
    ADD CONSTRAINT authtoken_token_pkey PRIMARY KEY (key);


--
-- Name: authtoken_token authtoken_token_user_id_key; Type: CONSTRAINT; Schema: public; Owner: db_user
--

ALTER TABLE ONLY public.authtoken_token
    ADD CONSTRAINT authtoken_token_user_id_key UNIQUE (user_id);


--
-- Name: django_admin_log django_admin_log_pkey; Type: CONSTRAINT; Schema: public; Owner: db_user
--

ALTER TABLE ONLY public.django_admin_log
    ADD CONSTRAINT django_admin_log_pkey PRIMARY KEY (id);


--
-- Name: django_content_type django_content_type_app_label_model_76bd3d3b_uniq; Type: CONSTRAINT; Schema: public; Owner: db_user
--

ALTER TABLE ONLY public.django_content_type
    ADD CONSTRAINT django_content_type_app_label_model_76bd3d3b_uniq UNIQUE (app_label, model);


--
-- Name: django_content_type django_content_type_pkey; Type: CONSTRAINT; Schema: public; Owner: db_user
--

ALTER TABLE ONLY public.django_content_type
    ADD CONSTRAINT django_content_type_pkey PRIMARY KEY (id);


--
-- Name: django_migrations django_migrations_pkey; Type: CONSTRAINT; Schema: public; Owner: db_user
--

ALTER TABLE ONLY public.django_migrations
    ADD CONSTRAINT django_migrations_pkey PRIMARY KEY (id);


--
-- Name: django_session django_session_pkey; Type: CONSTRAINT; Schema: public; Owner: db_user
--

ALTER TABLE ONLY public.django_session
    ADD CONSTRAINT django_session_pkey PRIMARY KEY (session_key);


--
-- Name: django_site django_site_domain_a2e37b91_uniq; Type: CONSTRAINT; Schema: public; Owner: db_user
--

ALTER TABLE ONLY public.django_site
    ADD CONSTRAINT django_site_domain_a2e37b91_uniq UNIQUE (domain);


--
-- Name: django_site django_site_pkey; Type: CONSTRAINT; Schema: public; Owner: db_user
--

ALTER TABLE ONLY public.django_site
    ADD CONSTRAINT django_site_pkey PRIMARY KEY (id);


--
-- Name: events_event events_event_pkey; Type: CONSTRAINT; Schema: public; Owner: db_user
--

ALTER TABLE ONLY public.events_event
    ADD CONSTRAINT events_event_pkey PRIMARY KEY (id);


--
-- Name: socialaccount_socialaccount socialaccount_socialaccount_pkey; Type: CONSTRAINT; Schema: public; Owner: db_user
--

ALTER TABLE ONLY public.socialaccount_socialaccount
    ADD CONSTRAINT socialaccount_socialaccount_pkey PRIMARY KEY (id);


--
-- Name: socialaccount_socialaccount socialaccount_socialaccount_provider_uid_fc810c6e_uniq; Type: CONSTRAINT; Schema: public; Owner: db_user
--

ALTER TABLE ONLY public.socialaccount_socialaccount
    ADD CONSTRAINT socialaccount_socialaccount_provider_uid_fc810c6e_uniq UNIQUE (provider, uid);


--
-- Name: socialaccount_socialapp_sites socialaccount_socialapp__socialapp_id_site_id_71a9a768_uniq; Type: CONSTRAINT; Schema: public; Owner: db_user
--

ALTER TABLE ONLY public.socialaccount_socialapp_sites
    ADD CONSTRAINT socialaccount_socialapp__socialapp_id_site_id_71a9a768_uniq UNIQUE (socialapp_id, site_id);


--
-- Name: socialaccount_socialapp socialaccount_socialapp_pkey; Type: CONSTRAINT; Schema: public; Owner: db_user
--

ALTER TABLE ONLY public.socialaccount_socialapp
    ADD CONSTRAINT socialaccount_socialapp_pkey PRIMARY KEY (id);


--
-- Name: socialaccount_socialapp_sites socialaccount_socialapp_sites_pkey; Type: CONSTRAINT; Schema: public; Owner: db_user
--

ALTER TABLE ONLY public.socialaccount_socialapp_sites
    ADD CONSTRAINT socialaccount_socialapp_sites_pkey PRIMARY KEY (id);


--
-- Name: socialaccount_socialtoken socialaccount_socialtoken_app_id_account_id_fca4e0ac_uniq; Type: CONSTRAINT; Schema: public; Owner: db_user
--

ALTER TABLE ONLY public.socialaccount_socialtoken
    ADD CONSTRAINT socialaccount_socialtoken_app_id_account_id_fca4e0ac_uniq UNIQUE (app_id, account_id);


--
-- Name: socialaccount_socialtoken socialaccount_socialtoken_pkey; Type: CONSTRAINT; Schema: public; Owner: db_user
--

ALTER TABLE ONLY public.socialaccount_socialtoken
    ADD CONSTRAINT socialaccount_socialtoken_pkey PRIMARY KEY (id);


--
-- Name: users_customuser users_customuser_email_key; Type: CONSTRAINT; Schema: public; Owner: db_user
--

ALTER TABLE ONLY public.users_customuser
    ADD CONSTRAINT users_customuser_email_key UNIQUE (email);


--
-- Name: users_customuser_groups users_customuser_groups_customuser_id_group_id_76b619e3_uniq; Type: CONSTRAINT; Schema: public; Owner: db_user
--

ALTER TABLE ONLY public.users_customuser_groups
    ADD CONSTRAINT users_customuser_groups_customuser_id_group_id_76b619e3_uniq UNIQUE (customuser_id, group_id);


--
-- Name: users_customuser_groups users_customuser_groups_pkey; Type: CONSTRAINT; Schema: public; Owner: db_user
--

ALTER TABLE ONLY public.users_customuser_groups
    ADD CONSTRAINT users_customuser_groups_pkey PRIMARY KEY (id);


--
-- Name: users_customuser users_customuser_pkey; Type: CONSTRAINT; Schema: public; Owner: db_user
--

ALTER TABLE ONLY public.users_customuser
    ADD CONSTRAINT users_customuser_pkey PRIMARY KEY (id);


--
-- Name: users_customuser_user_permissions users_customuser_user_pe_customuser_id_permission_7a7debf6_uniq; Type: CONSTRAINT; Schema: public; Owner: db_user
--

ALTER TABLE ONLY public.users_customuser_user_permissions
    ADD CONSTRAINT users_customuser_user_pe_customuser_id_permission_7a7debf6_uniq UNIQUE (customuser_id, permission_id);


--
-- Name: users_customuser_user_permissions users_customuser_user_permissions_pkey; Type: CONSTRAINT; Schema: public; Owner: db_user
--

ALTER TABLE ONLY public.users_customuser_user_permissions
    ADD CONSTRAINT users_customuser_user_permissions_pkey PRIMARY KEY (id);


--
-- Name: users_customuser users_customuser_username_key; Type: CONSTRAINT; Schema: public; Owner: db_user
--

ALTER TABLE ONLY public.users_customuser
    ADD CONSTRAINT users_customuser_username_key UNIQUE (username);


--
-- Name: account_emailaddress_email_03be32b2; Type: INDEX; Schema: public; Owner: db_user
--

CREATE INDEX account_emailaddress_email_03be32b2 ON public.account_emailaddress USING btree (email);


--
-- Name: account_emailaddress_email_03be32b2_like; Type: INDEX; Schema: public; Owner: db_user
--

CREATE INDEX account_emailaddress_email_03be32b2_like ON public.account_emailaddress USING btree (email varchar_pattern_ops);


--
-- Name: account_emailaddress_user_id_2c513194; Type: INDEX; Schema: public; Owner: db_user
--

CREATE INDEX account_emailaddress_user_id_2c513194 ON public.account_emailaddress USING btree (user_id);


--
-- Name: account_emailconfirmation_email_address_id_5b7f8c58; Type: INDEX; Schema: public; Owner: db_user
--

CREATE INDEX account_emailconfirmation_email_address_id_5b7f8c58 ON public.account_emailconfirmation USING btree (email_address_id);


--
-- Name: account_emailconfirmation_key_f43612bd_like; Type: INDEX; Schema: public; Owner: db_user
--

CREATE INDEX account_emailconfirmation_key_f43612bd_like ON public.account_emailconfirmation USING btree (key varchar_pattern_ops);


--
-- Name: auth_group_name_a6ea08ec_like; Type: INDEX; Schema: public; Owner: db_user
--

CREATE INDEX auth_group_name_a6ea08ec_like ON public.auth_group USING btree (name varchar_pattern_ops);


--
-- Name: auth_group_permissions_group_id_b120cbf9; Type: INDEX; Schema: public; Owner: db_user
--

CREATE INDEX auth_group_permissions_group_id_b120cbf9 ON public.auth_group_permissions USING btree (group_id);


--
-- Name: auth_group_permissions_permission_id_84c5c92e; Type: INDEX; Schema: public; Owner: db_user
--

CREATE INDEX auth_group_permissions_permission_id_84c5c92e ON public.auth_group_permissions USING btree (permission_id);


--
-- Name: auth_permission_content_type_id_2f476e4b; Type: INDEX; Schema: public; Owner: db_user
--

CREATE INDEX auth_permission_content_type_id_2f476e4b ON public.auth_permission USING btree (content_type_id);


--
-- Name: authtoken_token_key_10f0b77e_like; Type: INDEX; Schema: public; Owner: db_user
--

CREATE INDEX authtoken_token_key_10f0b77e_like ON public.authtoken_token USING btree (key varchar_pattern_ops);


--
-- Name: django_admin_log_content_type_id_c4bce8eb; Type: INDEX; Schema: public; Owner: db_user
--

CREATE INDEX django_admin_log_content_type_id_c4bce8eb ON public.django_admin_log USING btree (content_type_id);


--
-- Name: django_admin_log_user_id_c564eba6; Type: INDEX; Schema: public; Owner: db_user
--

CREATE INDEX django_admin_log_user_id_c564eba6 ON public.django_admin_log USING btree (user_id);


--
-- Name: django_session_expire_date_a5c62663; Type: INDEX; Schema: public; Owner: db_user
--

CREATE INDEX django_session_expire_date_a5c62663 ON public.django_session USING btree (expire_date);


--
-- Name: django_session_session_key_c0390e0f_like; Type: INDEX; Schema: public; Owner: db_user
--

CREATE INDEX django_session_session_key_c0390e0f_like ON public.django_session USING btree (session_key varchar_pattern_ops);


--
-- Name: django_site_domain_a2e37b91_like; Type: INDEX; Schema: public; Owner: db_user
--

CREATE INDEX django_site_domain_a2e37b91_like ON public.django_site USING btree (domain varchar_pattern_ops);


--
-- Name: socialaccount_socialaccount_user_id_8146e70c; Type: INDEX; Schema: public; Owner: db_user
--

CREATE INDEX socialaccount_socialaccount_user_id_8146e70c ON public.socialaccount_socialaccount USING btree (user_id);


--
-- Name: socialaccount_socialapp_sites_site_id_2579dee5; Type: INDEX; Schema: public; Owner: db_user
--

CREATE INDEX socialaccount_socialapp_sites_site_id_2579dee5 ON public.socialaccount_socialapp_sites USING btree (site_id);


--
-- Name: socialaccount_socialapp_sites_socialapp_id_97fb6e7d; Type: INDEX; Schema: public; Owner: db_user
--

CREATE INDEX socialaccount_socialapp_sites_socialapp_id_97fb6e7d ON public.socialaccount_socialapp_sites USING btree (socialapp_id);


--
-- Name: socialaccount_socialtoken_account_id_951f210e; Type: INDEX; Schema: public; Owner: db_user
--

CREATE INDEX socialaccount_socialtoken_account_id_951f210e ON public.socialaccount_socialtoken USING btree (account_id);


--
-- Name: socialaccount_socialtoken_app_id_636a42d7; Type: INDEX; Schema: public; Owner: db_user
--

CREATE INDEX socialaccount_socialtoken_app_id_636a42d7 ON public.socialaccount_socialtoken USING btree (app_id);


--
-- Name: unique_primary_email; Type: INDEX; Schema: public; Owner: db_user
--

CREATE UNIQUE INDEX unique_primary_email ON public.account_emailaddress USING btree (user_id, "primary") WHERE "primary";


--
-- Name: unique_verified_email; Type: INDEX; Schema: public; Owner: db_user
--

CREATE UNIQUE INDEX unique_verified_email ON public.account_emailaddress USING btree (email) WHERE verified;


--
-- Name: users_customuser_email_6445acef_like; Type: INDEX; Schema: public; Owner: db_user
--

CREATE INDEX users_customuser_email_6445acef_like ON public.users_customuser USING btree (email varchar_pattern_ops);


--
-- Name: users_customuser_groups_customuser_id_958147bf; Type: INDEX; Schema: public; Owner: db_user
--

CREATE INDEX users_customuser_groups_customuser_id_958147bf ON public.users_customuser_groups USING btree (customuser_id);


--
-- Name: users_customuser_groups_group_id_01390b14; Type: INDEX; Schema: public; Owner: db_user
--

CREATE INDEX users_customuser_groups_group_id_01390b14 ON public.users_customuser_groups USING btree (group_id);


--
-- Name: users_customuser_user_permissions_customuser_id_5771478b; Type: INDEX; Schema: public; Owner: db_user
--

CREATE INDEX users_customuser_user_permissions_customuser_id_5771478b ON public.users_customuser_user_permissions USING btree (customuser_id);


--
-- Name: users_customuser_user_permissions_permission_id_baaa2f74; Type: INDEX; Schema: public; Owner: db_user
--

CREATE INDEX users_customuser_user_permissions_permission_id_baaa2f74 ON public.users_customuser_user_permissions USING btree (permission_id);


--
-- Name: users_customuser_username_80452fdf_like; Type: INDEX; Schema: public; Owner: db_user
--

CREATE INDEX users_customuser_username_80452fdf_like ON public.users_customuser USING btree (username varchar_pattern_ops);


--
-- Name: account_emailaddress account_emailaddress_user_id_2c513194_fk_users_customuser_id; Type: FK CONSTRAINT; Schema: public; Owner: db_user
--

ALTER TABLE ONLY public.account_emailaddress
    ADD CONSTRAINT account_emailaddress_user_id_2c513194_fk_users_customuser_id FOREIGN KEY (user_id) REFERENCES public.users_customuser(id) DEFERRABLE INITIALLY DEFERRED;


--
-- Name: account_emailconfirmation account_emailconfirm_email_address_id_5b7f8c58_fk_account_e; Type: FK CONSTRAINT; Schema: public; Owner: db_user
--

ALTER TABLE ONLY public.account_emailconfirmation
    ADD CONSTRAINT account_emailconfirm_email_address_id_5b7f8c58_fk_account_e FOREIGN KEY (email_address_id) REFERENCES public.account_emailaddress(id) DEFERRABLE INITIALLY DEFERRED;


--
-- Name: auth_group_permissions auth_group_permissio_permission_id_84c5c92e_fk_auth_perm; Type: FK CONSTRAINT; Schema: public; Owner: db_user
--

ALTER TABLE ONLY public.auth_group_permissions
    ADD CONSTRAINT auth_group_permissio_permission_id_84c5c92e_fk_auth_perm FOREIGN KEY (permission_id) REFERENCES public.auth_permission(id) DEFERRABLE INITIALLY DEFERRED;


--
-- Name: auth_group_permissions auth_group_permissions_group_id_b120cbf9_fk_auth_group_id; Type: FK CONSTRAINT; Schema: public; Owner: db_user
--

ALTER TABLE ONLY public.auth_group_permissions
    ADD CONSTRAINT auth_group_permissions_group_id_b120cbf9_fk_auth_group_id FOREIGN KEY (group_id) REFERENCES public.auth_group(id) DEFERRABLE INITIALLY DEFERRED;


--
-- Name: auth_permission auth_permission_content_type_id_2f476e4b_fk_django_co; Type: FK CONSTRAINT; Schema: public; Owner: db_user
--

ALTER TABLE ONLY public.auth_permission
    ADD CONSTRAINT auth_permission_content_type_id_2f476e4b_fk_django_co FOREIGN KEY (content_type_id) REFERENCES public.django_content_type(id) DEFERRABLE INITIALLY DEFERRED;


--
-- Name: authtoken_token authtoken_token_user_id_35299eff_fk_users_customuser_id; Type: FK CONSTRAINT; Schema: public; Owner: db_user
--

ALTER TABLE ONLY public.authtoken_token
    ADD CONSTRAINT authtoken_token_user_id_35299eff_fk_users_customuser_id FOREIGN KEY (user_id) REFERENCES public.users_customuser(id) DEFERRABLE INITIALLY DEFERRED;


--
-- Name: django_admin_log django_admin_log_content_type_id_c4bce8eb_fk_django_co; Type: FK CONSTRAINT; Schema: public; Owner: db_user
--

ALTER TABLE ONLY public.django_admin_log
    ADD CONSTRAINT django_admin_log_content_type_id_c4bce8eb_fk_django_co FOREIGN KEY (content_type_id) REFERENCES public.django_content_type(id) DEFERRABLE INITIALLY DEFERRED;


--
-- Name: django_admin_log django_admin_log_user_id_c564eba6_fk_users_customuser_id; Type: FK CONSTRAINT; Schema: public; Owner: db_user
--

ALTER TABLE ONLY public.django_admin_log
    ADD CONSTRAINT django_admin_log_user_id_c564eba6_fk_users_customuser_id FOREIGN KEY (user_id) REFERENCES public.users_customuser(id) DEFERRABLE INITIALLY DEFERRED;


--
-- Name: socialaccount_socialtoken socialaccount_social_account_id_951f210e_fk_socialacc; Type: FK CONSTRAINT; Schema: public; Owner: db_user
--

ALTER TABLE ONLY public.socialaccount_socialtoken
    ADD CONSTRAINT socialaccount_social_account_id_951f210e_fk_socialacc FOREIGN KEY (account_id) REFERENCES public.socialaccount_socialaccount(id) DEFERRABLE INITIALLY DEFERRED;


--
-- Name: socialaccount_socialtoken socialaccount_social_app_id_636a42d7_fk_socialacc; Type: FK CONSTRAINT; Schema: public; Owner: db_user
--

ALTER TABLE ONLY public.socialaccount_socialtoken
    ADD CONSTRAINT socialaccount_social_app_id_636a42d7_fk_socialacc FOREIGN KEY (app_id) REFERENCES public.socialaccount_socialapp(id) DEFERRABLE INITIALLY DEFERRED;


--
-- Name: socialaccount_socialapp_sites socialaccount_social_site_id_2579dee5_fk_django_si; Type: FK CONSTRAINT; Schema: public; Owner: db_user
--

ALTER TABLE ONLY public.socialaccount_socialapp_sites
    ADD CONSTRAINT socialaccount_social_site_id_2579dee5_fk_django_si FOREIGN KEY (site_id) REFERENCES public.django_site(id) DEFERRABLE INITIALLY DEFERRED;


--
-- Name: socialaccount_socialapp_sites socialaccount_social_socialapp_id_97fb6e7d_fk_socialacc; Type: FK CONSTRAINT; Schema: public; Owner: db_user
--

ALTER TABLE ONLY public.socialaccount_socialapp_sites
    ADD CONSTRAINT socialaccount_social_socialapp_id_97fb6e7d_fk_socialacc FOREIGN KEY (socialapp_id) REFERENCES public.socialaccount_socialapp(id) DEFERRABLE INITIALLY DEFERRED;


--
-- Name: socialaccount_socialaccount socialaccount_social_user_id_8146e70c_fk_users_cus; Type: FK CONSTRAINT; Schema: public; Owner: db_user
--

ALTER TABLE ONLY public.socialaccount_socialaccount
    ADD CONSTRAINT socialaccount_social_user_id_8146e70c_fk_users_cus FOREIGN KEY (user_id) REFERENCES public.users_customuser(id) DEFERRABLE INITIALLY DEFERRED;


--
-- Name: users_customuser_groups users_customuser_gro_customuser_id_958147bf_fk_users_cus; Type: FK CONSTRAINT; Schema: public; Owner: db_user
--

ALTER TABLE ONLY public.users_customuser_groups
    ADD CONSTRAINT users_customuser_gro_customuser_id_958147bf_fk_users_cus FOREIGN KEY (customuser_id) REFERENCES public.users_customuser(id) DEFERRABLE INITIALLY DEFERRED;


--
-- Name: users_customuser_groups users_customuser_groups_group_id_01390b14_fk_auth_group_id; Type: FK CONSTRAINT; Schema: public; Owner: db_user
--

ALTER TABLE ONLY public.users_customuser_groups
    ADD CONSTRAINT users_customuser_groups_group_id_01390b14_fk_auth_group_id FOREIGN KEY (group_id) REFERENCES public.auth_group(id) DEFERRABLE INITIALLY DEFERRED;


--
-- Name: users_customuser_user_permissions users_customuser_use_customuser_id_5771478b_fk_users_cus; Type: FK CONSTRAINT; Schema: public; Owner: db_user
--

ALTER TABLE ONLY public.users_customuser_user_permissions
    ADD CONSTRAINT users_customuser_use_customuser_id_5771478b_fk_users_cus FOREIGN KEY (customuser_id) REFERENCES public.users_customuser(id) DEFERRABLE INITIALLY DEFERRED;


--
-- Name: users_customuser_user_permissions users_customuser_use_permission_id_baaa2f74_fk_auth_perm; Type: FK CONSTRAINT; Schema: public; Owner: db_user
--

ALTER TABLE ONLY public.users_customuser_user_permissions
    ADD CONSTRAINT users_customuser_use_permission_id_baaa2f74_fk_auth_perm FOREIGN KEY (permission_id) REFERENCES public.auth_permission(id) DEFERRABLE INITIALLY DEFERRED;


--
-- PostgreSQL database dump complete
--

