--
-- PostgreSQL database dump
--

-- Dumped from database version 17.2 (Debian 17.2-1.pgdg120+1)
-- Dumped by pg_dump version 17.2 (Debian 17.2-1.pgdg120+1)

SET statement_timeout = 0;
SET lock_timeout = 0;
SET idle_in_transaction_session_timeout = 0;
SET transaction_timeout = 0;
SET client_encoding = 'UTF8';
SET standard_conforming_strings = on;
SELECT pg_catalog.set_config('search_path', '', false);
SET check_function_bodies = false;
SET xmloption = content;
SET client_min_messages = warning;
SET row_security = off;

SET default_tablespace = '';

SET default_table_access_method = heap;

--
-- Name: auth_group; Type: TABLE; Schema: public; Owner: db_user
--

CREATE TABLE public.auth_group (
    id integer NOT NULL,
    name character varying(150) NOT NULL
);


ALTER TABLE public.auth_group OWNER TO db_user;

--
-- Name: auth_group_id_seq; Type: SEQUENCE; Schema: public; Owner: db_user
--

ALTER TABLE public.auth_group ALTER COLUMN id ADD GENERATED BY DEFAULT AS IDENTITY (
    SEQUENCE NAME public.auth_group_id_seq
    START WITH 1
    INCREMENT BY 1
    NO MINVALUE
    NO MAXVALUE
    CACHE 1
);


--
-- Name: auth_group_permissions; Type: TABLE; Schema: public; Owner: db_user
--

CREATE TABLE public.auth_group_permissions (
    id bigint NOT NULL,
    group_id integer NOT NULL,
    permission_id integer NOT NULL
);


ALTER TABLE public.auth_group_permissions OWNER TO db_user;

--
-- Name: auth_group_permissions_id_seq; Type: SEQUENCE; Schema: public; Owner: db_user
--

ALTER TABLE public.auth_group_permissions ALTER COLUMN id ADD GENERATED BY DEFAULT AS IDENTITY (
    SEQUENCE NAME public.auth_group_permissions_id_seq
    START WITH 1
    INCREMENT BY 1
    NO MINVALUE
    NO MAXVALUE
    CACHE 1
);


--
-- Name: auth_permission; Type: TABLE; Schema: public; Owner: db_user
--

CREATE TABLE public.auth_permission (
    id integer NOT NULL,
    name character varying(255) NOT NULL,
    content_type_id integer NOT NULL,
    codename character varying(100) NOT NULL
);


ALTER TABLE public.auth_permission OWNER TO db_user;

--
-- Name: auth_permission_id_seq; Type: SEQUENCE; Schema: public; Owner: db_user
--

ALTER TABLE public.auth_permission ALTER COLUMN id ADD GENERATED BY DEFAULT AS IDENTITY (
    SEQUENCE NAME public.auth_permission_id_seq
    START WITH 1
    INCREMENT BY 1
    NO MINVALUE
    NO MAXVALUE
    CACHE 1
);


--
-- Name: django_admin_log; Type: TABLE; Schema: public; Owner: db_user
--

CREATE TABLE public.django_admin_log (
    id integer NOT NULL,
    action_time timestamp with time zone NOT NULL,
    object_id text,
    object_repr character varying(200) NOT NULL,
    action_flag smallint NOT NULL,
    change_message text NOT NULL,
    content_type_id integer,
    user_id bigint NOT NULL,
    CONSTRAINT django_admin_log_action_flag_check CHECK ((action_flag >= 0))
);


ALTER TABLE public.django_admin_log OWNER TO db_user;

--
-- Name: django_admin_log_id_seq; Type: SEQUENCE; Schema: public; Owner: db_user
--

ALTER TABLE public.django_admin_log ALTER COLUMN id ADD GENERATED BY DEFAULT AS IDENTITY (
    SEQUENCE NAME public.django_admin_log_id_seq
    START WITH 1
    INCREMENT BY 1
    NO MINVALUE
    NO MAXVALUE
    CACHE 1
);


--
-- Name: django_content_type; Type: TABLE; Schema: public; Owner: db_user
--

CREATE TABLE public.django_content_type (
    id integer NOT NULL,
    app_label character varying(100) NOT NULL,
    model character varying(100) NOT NULL
);


ALTER TABLE public.django_content_type OWNER TO db_user;

--
-- Name: django_content_type_id_seq; Type: SEQUENCE; Schema: public; Owner: db_user
--

ALTER TABLE public.django_content_type ALTER COLUMN id ADD GENERATED BY DEFAULT AS IDENTITY (
    SEQUENCE NAME public.django_content_type_id_seq
    START WITH 1
    INCREMENT BY 1
    NO MINVALUE
    NO MAXVALUE
    CACHE 1
);


--
-- Name: django_migrations; Type: TABLE; Schema: public; Owner: db_user
--

CREATE TABLE public.django_migrations (
    id bigint NOT NULL,
    app character varying(255) NOT NULL,
    name character varying(255) NOT NULL,
    applied timestamp with time zone NOT NULL
);


ALTER TABLE public.django_migrations OWNER TO db_user;

--
-- Name: django_migrations_id_seq; Type: SEQUENCE; Schema: public; Owner: db_user
--

ALTER TABLE public.django_migrations ALTER COLUMN id ADD GENERATED BY DEFAULT AS IDENTITY (
    SEQUENCE NAME public.django_migrations_id_seq
    START WITH 1
    INCREMENT BY 1
    NO MINVALUE
    NO MAXVALUE
    CACHE 1
);


--
-- Name: django_session; Type: TABLE; Schema: public; Owner: db_user
--

CREATE TABLE public.django_session (
    session_key character varying(40) NOT NULL,
    session_data text NOT NULL,
    expire_date timestamp with time zone NOT NULL
);


ALTER TABLE public.django_session OWNER TO db_user;

--
-- Name: events_event; Type: TABLE; Schema: public; Owner: db_user
--

CREATE TABLE public.events_event (
    id bigint NOT NULL,
    title character varying(200) NOT NULL,
    description text NOT NULL,
    date timestamp with time zone NOT NULL
);


ALTER TABLE public.events_event OWNER TO db_user;

--
-- Name: events_event_id_seq; Type: SEQUENCE; Schema: public; Owner: db_user
--

ALTER TABLE public.events_event ALTER COLUMN id ADD GENERATED BY DEFAULT AS IDENTITY (
    SEQUENCE NAME public.events_event_id_seq
    START WITH 1
    INCREMENT BY 1
    NO MINVALUE
    NO MAXVALUE
    CACHE 1
);


--
-- Name: users_customuser; Type: TABLE; Schema: public; Owner: db_user
--

CREATE TABLE public.users_customuser (
    id bigint NOT NULL,
    password character varying(128) NOT NULL,
    last_login timestamp with time zone,
    is_superuser boolean NOT NULL,
    email character varying(254) NOT NULL,
    first_name character varying(30) NOT NULL,
    last_name character varying(30) NOT NULL,
    is_active boolean NOT NULL,
    is_staff boolean NOT NULL,
    username character varying(150)
);


ALTER TABLE public.users_customuser OWNER TO db_user;

--
-- Name: users_customuser_groups; Type: TABLE; Schema: public; Owner: db_user
--

CREATE TABLE public.users_customuser_groups (
    id bigint NOT NULL,
    customuser_id bigint NOT NULL,
    group_id integer NOT NULL
);


ALTER TABLE public.users_customuser_groups OWNER TO db_user;

--
-- Name: users_customuser_groups_id_seq; Type: SEQUENCE; Schema: public; Owner: db_user
--

ALTER TABLE public.users_customuser_groups ALTER COLUMN id ADD GENERATED BY DEFAULT AS IDENTITY (
    SEQUENCE NAME public.users_customuser_groups_id_seq
    START WITH 1
    INCREMENT BY 1
    NO MINVALUE
    NO MAXVALUE
    CACHE 1
);


--
-- Name: users_customuser_id_seq; Type: SEQUENCE; Schema: public; Owner: db_user
--

ALTER TABLE public.users_customuser ALTER COLUMN id ADD GENERATED BY DEFAULT AS IDENTITY (
    SEQUENCE NAME public.users_customuser_id_seq
    START WITH 1
    INCREMENT BY 1
    NO MINVALUE
    NO MAXVALUE
    CACHE 1
);


--
-- Name: users_customuser_user_permissions; Type: TABLE; Schema: public; Owner: db_user
--

CREATE TABLE public.users_customuser_user_permissions (
    id bigint NOT NULL,
    customuser_id bigint NOT NULL,
    permission_id integer NOT NULL
);


ALTER TABLE public.users_customuser_user_permissions OWNER TO db_user;

--
-- Name: users_customuser_user_permissions_id_seq; Type: SEQUENCE; Schema: public; Owner: db_user
--

ALTER TABLE public.users_customuser_user_permissions ALTER COLUMN id ADD GENERATED BY DEFAULT AS IDENTITY (
    SEQUENCE NAME public.users_customuser_user_permissions_id_seq
    START WITH 1
    INCREMENT BY 1
    NO MINVALUE
    NO MAXVALUE
    CACHE 1
);


--
-- Data for Name: auth_group; Type: TABLE DATA; Schema: public; Owner: db_user
--

COPY public.auth_group (id, name) FROM stdin;
\.


--
-- Data for Name: auth_group_permissions; Type: TABLE DATA; Schema: public; Owner: db_user
--

COPY public.auth_group_permissions (id, group_id, permission_id) FROM stdin;
\.


--
-- Data for Name: auth_permission; Type: TABLE DATA; Schema: public; Owner: db_user
--

COPY public.auth_permission (id, name, content_type_id, codename) FROM stdin;
1	Can add custom user	1	add_customuser
2	Can change custom user	1	change_customuser
3	Can delete custom user	1	delete_customuser
4	Can view custom user	1	view_customuser
5	Can add event	2	add_event
6	Can change event	2	change_event
7	Can delete event	2	delete_event
8	Can view event	2	view_event
9	Can add log entry	3	add_logentry
10	Can change log entry	3	change_logentry
11	Can delete log entry	3	delete_logentry
12	Can view log entry	3	view_logentry
13	Can add permission	4	add_permission
14	Can change permission	4	change_permission
15	Can delete permission	4	delete_permission
16	Can view permission	4	view_permission
17	Can add group	5	add_group
18	Can change group	5	change_group
19	Can delete group	5	delete_group
20	Can view group	5	view_group
21	Can add content type	6	add_contenttype
22	Can change content type	6	change_contenttype
23	Can delete content type	6	delete_contenttype
24	Can view content type	6	view_contenttype
25	Can add session	7	add_session
26	Can change session	7	change_session
27	Can delete session	7	delete_session
28	Can view session	7	view_session
\.


--
-- Data for Name: django_admin_log; Type: TABLE DATA; Schema: public; Owner: db_user
--

COPY public.django_admin_log (id, action_time, object_id, object_repr, action_flag, change_message, content_type_id, user_id) FROM stdin;
1	2025-02-05 12:52:09.035266+00	1	ruinit' i fidit'	1	[{"added": {}}]	2	5
2	2025-02-05 12:53:39.73101+00	2	nu ili v rarvel mivals	1	[{"added": {}}]	2	5
\.


--
-- Data for Name: django_content_type; Type: TABLE DATA; Schema: public; Owner: db_user
--

COPY public.django_content_type (id, app_label, model) FROM stdin;
1	users	customuser
2	events	event
3	admin	logentry
4	auth	permission
5	auth	group
6	contenttypes	contenttype
7	sessions	session
\.


--
-- Data for Name: django_migrations; Type: TABLE DATA; Schema: public; Owner: db_user
--

COPY public.django_migrations (id, app, name, applied) FROM stdin;
1	contenttypes	0001_initial	2025-02-03 19:37:20.931042+00
2	contenttypes	0002_remove_content_type_name	2025-02-03 19:37:20.936793+00
3	auth	0001_initial	2025-02-03 19:37:20.9538+00
4	auth	0002_alter_permission_name_max_length	2025-02-03 19:37:20.957338+00
5	auth	0003_alter_user_email_max_length	2025-02-03 19:37:20.960686+00
6	auth	0004_alter_user_username_opts	2025-02-03 19:37:20.964471+00
7	auth	0005_alter_user_last_login_null	2025-02-03 19:37:20.96814+00
8	auth	0006_require_contenttypes_0002	2025-02-03 19:37:20.9702+00
9	auth	0007_alter_validators_add_error_messages	2025-02-03 19:37:20.973774+00
10	auth	0008_alter_user_username_max_length	2025-02-03 19:37:20.977701+00
11	auth	0009_alter_user_last_name_max_length	2025-02-03 19:37:20.981293+00
12	auth	0010_alter_group_name_max_length	2025-02-03 19:37:20.986056+00
13	auth	0011_update_proxy_permissions	2025-02-03 19:37:20.989411+00
14	auth	0012_alter_user_first_name_max_length	2025-02-03 19:37:20.995347+00
15	users	0001_initial	2025-02-03 19:37:21.011836+00
16	admin	0001_initial	2025-02-03 19:37:21.021751+00
17	admin	0002_logentry_remove_auto_add	2025-02-03 19:37:21.025742+00
18	admin	0003_logentry_add_action_flag_choices	2025-02-03 19:37:21.031246+00
19	events	0001_initial	2025-02-03 19:37:21.035688+00
20	sessions	0001_initial	2025-02-03 19:37:21.041149+00
21	users	0002_customuser_username	2025-02-03 21:48:51.442648+00
\.


--
-- Data for Name: django_session; Type: TABLE DATA; Schema: public; Owner: db_user
--

COPY public.django_session (session_key, session_data, expire_date) FROM stdin;
z0a85mged8u04g047j5p0zoarjjt9lv1	.eJxVjEEOwiAQRe_C2hA6lAFcuvcMDTCDVA0kpV0Z765NutDtf-_9l5jCtpZp67xMM4mzMOL0u8WQHlx3QPdQb02mVtdljnJX5EG7vDbi5-Vw_w5K6OVbowWl0CdmrY1KYwbrB0THDpAdEToAi8Z4yDEBRGJLSg-ZrFGjHbx4fwC54TbN:1tfesS:RliGi1Nl2mcZNYQS73w8WHVf-P7lC3sfBmbGrZsf_Zo	2025-02-19 12:51:36.53938+00
\.


--
-- Data for Name: events_event; Type: TABLE DATA; Schema: public; Owner: db_user
--

COPY public.events_event (id, title, description, date) FROM stdin;
1	ruinit' i fidit'	v dotke	2025-02-05 12:52:06+00
2	nu ili v rarvel mivals	надеюсь робит	2025-01-07 22:55:47+00
\.


--
-- Data for Name: users_customuser; Type: TABLE DATA; Schema: public; Owner: db_user
--

COPY public.users_customuser (id, password, last_login, is_superuser, email, first_name, last_name, is_active, is_staff, username) FROM stdin;
1	pbkdf2_sha256$870000$NvCe2UazhTRl6TccaXuXKV$i/eFTzEDjFwVDGg06E6G/IYRViFtIAkOhJJydGOcAC0=	\N	f	test@example.com			t	f	test
2	pbkdf2_sha256$870000$4KoaYPWRHYrKDFAu2JaC94$mzNmefpKLvAPGxRbX6cPrhBls2byLmKj49kl1fTR+nA=	\N	f	te2s1t@example.com			t	f	te2s1t
3	pbkdf2_sha256$870000$DaossHgWwArhAcoc8bkVnG$xnA698k1JlwacgNTzbSFXtrHl6ub9VtZJk8yx0T+/Sg=	2025-02-04 19:48:29.046227+00	f	asdas@gmail.com			t	f	asdas
4	pbkdf2_sha256$870000$bmd5TyOltDWlWn5Ank7h5x$ociCEZjpxUBBOV4BBc/ZNEs/Pfh6nB3bNTtYf+ISP+s=	2025-02-04 20:01:15.851641+00	f	aboba@gmail.com			t	f	aboba
5	pbkdf2_sha256$870000$wmUj9O1iqxNcwn2DaCyt1B$PXbcIhDandydZC8B1217QGBBfl28wKSed1LSQpRw+8Q=	2025-02-05 12:51:36.535939+00	t	admin@gmail.com			t	t	admin
6	pbkdf2_sha256$870000$mrBcwTnsxaDkY4T7WOXswc$MLkA5aoX2NDfqvLQVOcUYmG2Kdafao5o99faLsIy5qc=	2025-02-05 13:36:42.44687+00	f	ivabobula136@gmail.com			t	f	ivabobula136
\.


--
-- Data for Name: users_customuser_groups; Type: TABLE DATA; Schema: public; Owner: db_user
--

COPY public.users_customuser_groups (id, customuser_id, group_id) FROM stdin;
\.


--
-- Data for Name: users_customuser_user_permissions; Type: TABLE DATA; Schema: public; Owner: db_user
--

COPY public.users_customuser_user_permissions (id, customuser_id, permission_id) FROM stdin;
\.


--
-- Name: auth_group_id_seq; Type: SEQUENCE SET; Schema: public; Owner: db_user
--

SELECT pg_catalog.setval('public.auth_group_id_seq', 1, false);


--
-- Name: auth_group_permissions_id_seq; Type: SEQUENCE SET; Schema: public; Owner: db_user
--

SELECT pg_catalog.setval('public.auth_group_permissions_id_seq', 1, false);


--
-- Name: auth_permission_id_seq; Type: SEQUENCE SET; Schema: public; Owner: db_user
--

SELECT pg_catalog.setval('public.auth_permission_id_seq', 28, true);


--
-- Name: django_admin_log_id_seq; Type: SEQUENCE SET; Schema: public; Owner: db_user
--

SELECT pg_catalog.setval('public.django_admin_log_id_seq', 2, true);


--
-- Name: django_content_type_id_seq; Type: SEQUENCE SET; Schema: public; Owner: db_user
--

SELECT pg_catalog.setval('public.django_content_type_id_seq', 7, true);


--
-- Name: django_migrations_id_seq; Type: SEQUENCE SET; Schema: public; Owner: db_user
--

SELECT pg_catalog.setval('public.django_migrations_id_seq', 21, true);


--
-- Name: events_event_id_seq; Type: SEQUENCE SET; Schema: public; Owner: db_user
--

SELECT pg_catalog.setval('public.events_event_id_seq', 2, true);


--
-- Name: users_customuser_groups_id_seq; Type: SEQUENCE SET; Schema: public; Owner: db_user
--

SELECT pg_catalog.setval('public.users_customuser_groups_id_seq', 1, false);


--
-- Name: users_customuser_id_seq; Type: SEQUENCE SET; Schema: public; Owner: db_user
--

SELECT pg_catalog.setval('public.users_customuser_id_seq', 6, true);


--
-- Name: users_customuser_user_permissions_id_seq; Type: SEQUENCE SET; Schema: public; Owner: db_user
--

SELECT pg_catalog.setval('public.users_customuser_user_permissions_id_seq', 1, false);


--
-- Name: auth_group auth_group_name_key; Type: CONSTRAINT; Schema: public; Owner: db_user
--

ALTER TABLE ONLY public.auth_group
    ADD CONSTRAINT auth_group_name_key UNIQUE (name);


--
-- Name: auth_group_permissions auth_group_permissions_group_id_permission_id_0cd325b0_uniq; Type: CONSTRAINT; Schema: public; Owner: db_user
--

ALTER TABLE ONLY public.auth_group_permissions
    ADD CONSTRAINT auth_group_permissions_group_id_permission_id_0cd325b0_uniq UNIQUE (group_id, permission_id);


--
-- Name: auth_group_permissions auth_group_permissions_pkey; Type: CONSTRAINT; Schema: public; Owner: db_user
--

ALTER TABLE ONLY public.auth_group_permissions
    ADD CONSTRAINT auth_group_permissions_pkey PRIMARY KEY (id);


--
-- Name: auth_group auth_group_pkey; Type: CONSTRAINT; Schema: public; Owner: db_user
--

ALTER TABLE ONLY public.auth_group
    ADD CONSTRAINT auth_group_pkey PRIMARY KEY (id);


--
-- Name: auth_permission auth_permission_content_type_id_codename_01ab375a_uniq; Type: CONSTRAINT; Schema: public; Owner: db_user
--

ALTER TABLE ONLY public.auth_permission
    ADD CONSTRAINT auth_permission_content_type_id_codename_01ab375a_uniq UNIQUE (content_type_id, codename);


--
-- Name: auth_permission auth_permission_pkey; Type: CONSTRAINT; Schema: public; Owner: db_user
--

ALTER TABLE ONLY public.auth_permission
    ADD CONSTRAINT auth_permission_pkey PRIMARY KEY (id);


--
-- Name: django_admin_log django_admin_log_pkey; Type: CONSTRAINT; Schema: public; Owner: db_user
--

ALTER TABLE ONLY public.django_admin_log
    ADD CONSTRAINT django_admin_log_pkey PRIMARY KEY (id);


--
-- Name: django_content_type django_content_type_app_label_model_76bd3d3b_uniq; Type: CONSTRAINT; Schema: public; Owner: db_user
--

ALTER TABLE ONLY public.django_content_type
    ADD CONSTRAINT django_content_type_app_label_model_76bd3d3b_uniq UNIQUE (app_label, model);


--
-- Name: django_content_type django_content_type_pkey; Type: CONSTRAINT; Schema: public; Owner: db_user
--

ALTER TABLE ONLY public.django_content_type
    ADD CONSTRAINT django_content_type_pkey PRIMARY KEY (id);


--
-- Name: django_migrations django_migrations_pkey; Type: CONSTRAINT; Schema: public; Owner: db_user
--

ALTER TABLE ONLY public.django_migrations
    ADD CONSTRAINT django_migrations_pkey PRIMARY KEY (id);


--
-- Name: django_session django_session_pkey; Type: CONSTRAINT; Schema: public; Owner: db_user
--

ALTER TABLE ONLY public.django_session
    ADD CONSTRAINT django_session_pkey PRIMARY KEY (session_key);


--
-- Name: events_event events_event_pkey; Type: CONSTRAINT; Schema: public; Owner: db_user
--

ALTER TABLE ONLY public.events_event
    ADD CONSTRAINT events_event_pkey PRIMARY KEY (id);


--
-- Name: users_customuser users_customuser_email_key; Type: CONSTRAINT; Schema: public; Owner: db_user
--

ALTER TABLE ONLY public.users_customuser
    ADD CONSTRAINT users_customuser_email_key UNIQUE (email);


--
-- Name: users_customuser_groups users_customuser_groups_customuser_id_group_id_76b619e3_uniq; Type: CONSTRAINT; Schema: public; Owner: db_user
--

ALTER TABLE ONLY public.users_customuser_groups
    ADD CONSTRAINT users_customuser_groups_customuser_id_group_id_76b619e3_uniq UNIQUE (customuser_id, group_id);


--
-- Name: users_customuser_groups users_customuser_groups_pkey; Type: CONSTRAINT; Schema: public; Owner: db_user
--

ALTER TABLE ONLY public.users_customuser_groups
    ADD CONSTRAINT users_customuser_groups_pkey PRIMARY KEY (id);


--
-- Name: users_customuser users_customuser_pkey; Type: CONSTRAINT; Schema: public; Owner: db_user
--

ALTER TABLE ONLY public.users_customuser
    ADD CONSTRAINT users_customuser_pkey PRIMARY KEY (id);


--
-- Name: users_customuser_user_permissions users_customuser_user_pe_customuser_id_permission_7a7debf6_uniq; Type: CONSTRAINT; Schema: public; Owner: db_user
--

ALTER TABLE ONLY public.users_customuser_user_permissions
    ADD CONSTRAINT users_customuser_user_pe_customuser_id_permission_7a7debf6_uniq UNIQUE (customuser_id, permission_id);


--
-- Name: users_customuser_user_permissions users_customuser_user_permissions_pkey; Type: CONSTRAINT; Schema: public; Owner: db_user
--

ALTER TABLE ONLY public.users_customuser_user_permissions
    ADD CONSTRAINT users_customuser_user_permissions_pkey PRIMARY KEY (id);


--
-- Name: users_customuser users_customuser_username_key; Type: CONSTRAINT; Schema: public; Owner: db_user
--

ALTER TABLE ONLY public.users_customuser
    ADD CONSTRAINT users_customuser_username_key UNIQUE (username);


--
-- Name: auth_group_name_a6ea08ec_like; Type: INDEX; Schema: public; Owner: db_user
--

CREATE INDEX auth_group_name_a6ea08ec_like ON public.auth_group USING btree (name varchar_pattern_ops);


--
-- Name: auth_group_permissions_group_id_b120cbf9; Type: INDEX; Schema: public; Owner: db_user
--

CREATE INDEX auth_group_permissions_group_id_b120cbf9 ON public.auth_group_permissions USING btree (group_id);


--
-- Name: auth_group_permissions_permission_id_84c5c92e; Type: INDEX; Schema: public; Owner: db_user
--

CREATE INDEX auth_group_permissions_permission_id_84c5c92e ON public.auth_group_permissions USING btree (permission_id);


--
-- Name: auth_permission_content_type_id_2f476e4b; Type: INDEX; Schema: public; Owner: db_user
--

CREATE INDEX auth_permission_content_type_id_2f476e4b ON public.auth_permission USING btree (content_type_id);


--
-- Name: django_admin_log_content_type_id_c4bce8eb; Type: INDEX; Schema: public; Owner: db_user
--

CREATE INDEX django_admin_log_content_type_id_c4bce8eb ON public.django_admin_log USING btree (content_type_id);


--
-- Name: django_admin_log_user_id_c564eba6; Type: INDEX; Schema: public; Owner: db_user
--

CREATE INDEX django_admin_log_user_id_c564eba6 ON public.django_admin_log USING btree (user_id);


--
-- Name: django_session_expire_date_a5c62663; Type: INDEX; Schema: public; Owner: db_user
--

CREATE INDEX django_session_expire_date_a5c62663 ON public.django_session USING btree (expire_date);


--
-- Name: django_session_session_key_c0390e0f_like; Type: INDEX; Schema: public; Owner: db_user
--

CREATE INDEX django_session_session_key_c0390e0f_like ON public.django_session USING btree (session_key varchar_pattern_ops);


--
-- Name: users_customuser_email_6445acef_like; Type: INDEX; Schema: public; Owner: db_user
--

CREATE INDEX users_customuser_email_6445acef_like ON public.users_customuser USING btree (email varchar_pattern_ops);


--
-- Name: users_customuser_groups_customuser_id_958147bf; Type: INDEX; Schema: public; Owner: db_user
--

CREATE INDEX users_customuser_groups_customuser_id_958147bf ON public.users_customuser_groups USING btree (customuser_id);


--
-- Name: users_customuser_groups_group_id_01390b14; Type: INDEX; Schema: public; Owner: db_user
--

CREATE INDEX users_customuser_groups_group_id_01390b14 ON public.users_customuser_groups USING btree (group_id);


--
-- Name: users_customuser_user_permissions_customuser_id_5771478b; Type: INDEX; Schema: public; Owner: db_user
--

CREATE INDEX users_customuser_user_permissions_customuser_id_5771478b ON public.users_customuser_user_permissions USING btree (customuser_id);


--
-- Name: users_customuser_user_permissions_permission_id_baaa2f74; Type: INDEX; Schema: public; Owner: db_user
--

CREATE INDEX users_customuser_user_permissions_permission_id_baaa2f74 ON public.users_customuser_user_permissions USING btree (permission_id);


--
-- Name: users_customuser_username_80452fdf_like; Type: INDEX; Schema: public; Owner: db_user
--

CREATE INDEX users_customuser_username_80452fdf_like ON public.users_customuser USING btree (username varchar_pattern_ops);


--
-- Name: auth_group_permissions auth_group_permissio_permission_id_84c5c92e_fk_auth_perm; Type: FK CONSTRAINT; Schema: public; Owner: db_user
--

ALTER TABLE ONLY public.auth_group_permissions
    ADD CONSTRAINT auth_group_permissio_permission_id_84c5c92e_fk_auth_perm FOREIGN KEY (permission_id) REFERENCES public.auth_permission(id) DEFERRABLE INITIALLY DEFERRED;


--
-- Name: auth_group_permissions auth_group_permissions_group_id_b120cbf9_fk_auth_group_id; Type: FK CONSTRAINT; Schema: public; Owner: db_user
--

ALTER TABLE ONLY public.auth_group_permissions
    ADD CONSTRAINT auth_group_permissions_group_id_b120cbf9_fk_auth_group_id FOREIGN KEY (group_id) REFERENCES public.auth_group(id) DEFERRABLE INITIALLY DEFERRED;


--
-- Name: auth_permission auth_permission_content_type_id_2f476e4b_fk_django_co; Type: FK CONSTRAINT; Schema: public; Owner: db_user
--

ALTER TABLE ONLY public.auth_permission
    ADD CONSTRAINT auth_permission_content_type_id_2f476e4b_fk_django_co FOREIGN KEY (content_type_id) REFERENCES public.django_content_type(id) DEFERRABLE INITIALLY DEFERRED;


--
-- Name: django_admin_log django_admin_log_content_type_id_c4bce8eb_fk_django_co; Type: FK CONSTRAINT; Schema: public; Owner: db_user
--

ALTER TABLE ONLY public.django_admin_log
    ADD CONSTRAINT django_admin_log_content_type_id_c4bce8eb_fk_django_co FOREIGN KEY (content_type_id) REFERENCES public.django_content_type(id) DEFERRABLE INITIALLY DEFERRED;


--
-- Name: django_admin_log django_admin_log_user_id_c564eba6_fk_users_customuser_id; Type: FK CONSTRAINT; Schema: public; Owner: db_user
--

ALTER TABLE ONLY public.django_admin_log
    ADD CONSTRAINT django_admin_log_user_id_c564eba6_fk_users_customuser_id FOREIGN KEY (user_id) REFERENCES public.users_customuser(id) DEFERRABLE INITIALLY DEFERRED;


--
-- Name: users_customuser_groups users_customuser_gro_customuser_id_958147bf_fk_users_cus; Type: FK CONSTRAINT; Schema: public; Owner: db_user
--

ALTER TABLE ONLY public.users_customuser_groups
    ADD CONSTRAINT users_customuser_gro_customuser_id_958147bf_fk_users_cus FOREIGN KEY (customuser_id) REFERENCES public.users_customuser(id) DEFERRABLE INITIALLY DEFERRED;


--
-- Name: users_customuser_groups users_customuser_groups_group_id_01390b14_fk_auth_group_id; Type: FK CONSTRAINT; Schema: public; Owner: db_user
--

ALTER TABLE ONLY public.users_customuser_groups
    ADD CONSTRAINT users_customuser_groups_group_id_01390b14_fk_auth_group_id FOREIGN KEY (group_id) REFERENCES public.auth_group(id) DEFERRABLE INITIALLY DEFERRED;


--
-- Name: users_customuser_user_permissions users_customuser_use_customuser_id_5771478b_fk_users_cus; Type: FK CONSTRAINT; Schema: public; Owner: db_user
--

ALTER TABLE ONLY public.users_customuser_user_permissions
    ADD CONSTRAINT users_customuser_use_customuser_id_5771478b_fk_users_cus FOREIGN KEY (customuser_id) REFERENCES public.users_customuser(id) DEFERRABLE INITIALLY DEFERRED;


--
-- Name: users_customuser_user_permissions users_customuser_use_permission_id_baaa2f74_fk_auth_perm; Type: FK CONSTRAINT; Schema: public; Owner: db_user
--

ALTER TABLE ONLY public.users_customuser_user_permissions
    ADD CONSTRAINT users_customuser_use_permission_id_baaa2f74_fk_auth_perm FOREIGN KEY (permission_id) REFERENCES public.auth_permission(id) DEFERRABLE INITIALLY DEFERRED;


--
-- PostgreSQL database dump complete
--

